{
  "stage": 2,
  "num_agents": 5,
  "total_timesteps": 250000,
  "reward": {
    "mean": -1.7237335515022278,
    "std": 0.40566705635144057,
    "min": -3.2405240535736084,
    "max": -1.241150975227356,
    "final_value": -2.1766815185546875,
    "initial_value": -3.2405240535736084
  },
  "metrics": {
    "policy_loss": {
      "overall_mean": -0.006182622586085928,
      "std": 0.001497588454469808,
      "min": -0.016973139718174934,
      "max": 0.0004536745953373611,
      "final_value": -0.00622291024774313,
      "initial_value": -0.016973139718174934
    },
    "value_loss": {
      "overall_mean": 0.015062482946901583,
      "std": 0.021082613441530874,
      "min": 0.0009530496085062623,
      "max": 0.19639911949634553,
      "final_value": 0.008492050133645535,
      "initial_value": 0.19639911949634553
    },
    "entropy_loss": {
      "overall_mean": -0.008567786338739097,
      "std": 0.0015359878436162673,
      "min": -0.014390556700527668,
      "max": -0.007148454617708922,
      "final_value": -0.007148454617708922,
      "initial_value": -0.014390556700527668
    },
    "policy_std": {
      "overall_mean": 0.6026770606637002,
      "std": 0.0938099603263631,
      "min": 0.5244886040687561,
      "max": 1.0205923914909363,
      "final_value": 0.5244886040687561,
      "initial_value": 1.0205923914909363
    }
  }
}