{
  "stage": 5,
  "num_agents": 5,
  "total_timesteps": 1000000,
  "reward": {
    "mean": -2.0634886300563813,
    "std": 0.3900232574452626,
    "min": -2.551438331604004,
    "max": -1.3054256439208984,
    "final_value": -2.551438331604004,
    "initial_value": -2.5260555744171143
  },
  "metrics": {
    "policy_loss": {
      "overall_mean": -0.008098914902890102,
      "std": 0.0010963774183393204,
      "min": -0.012454213574528694,
      "max": -0.006859325291588903,
      "final_value": -0.008136582653969526,
      "initial_value": -0.008680587820708751
    },
    "value_loss": {
      "overall_mean": 0.011821440144907682,
      "std": 0.014980332498541828,
      "min": 0.0021333653945475816,
      "max": 0.04950240030884743,
      "final_value": 0.002157703787088394,
      "initial_value": 0.04256378561258316
    },
    "entropy_loss": {
      "overall_mean": -0.005601167715271004,
      "std": 0.0017130045277969203,
      "min": -0.013082047738134862,
      "max": -0.003714398178271949,
      "final_value": -0.003714398178271949,
      "initial_value": -0.013082047738134862
    }
  }
}